customer_id,customer_name,reg_date
1,Arjun Mehta,2024-03-10
2,Priya Sharma,2024-04-15
3,Vikram Singh,2024-05-01
4,Ritu Patel,2024-06-05
5,Aman Gupta,2024-07-12
6,Sneha Desai,2024-08-18
7,Rahul Verma,2024-09-05
8,Neha Joshi,2024-10-10
9,Karan Kapoor,2024-11-15
10,Divya Nair,2024-12-20
11,Rohan Iyer,2025-01-02
12,Anjali Saxena,2025-01-08
13,Sameer Khan,2025-01-12
14,Pooja Rao,2025-01-15
15,Nikhil Jain,2025-01-18
16,Aarti Yadav,2025-01-22
17,Manish Kulkarni,2025-01-26
18,Shreya Ghosh,2025-01-30
19,Aakash Dubey,2025-02-02
20,Bhavna Agarwal,2025-02-05
21,Ramesh Chandra,2025-02-08
22,Kavita Malhotra,2025-02-10
23,Ashish Mishra,2025-02-12
24,Megha Sinha,2025-02-15
25,Vishal Bhardwaj,2025-02-18
26,Ravi Sharma,2025-08-01
27,Anita Verma,2025-08-05
28,Sunil Patel,2025-08-10
29,Pooja Gupta,2025-08-12
30,Amit Kumar,2025-08-15
31,Neha Mehta,2025-08-20
32,Rajesh Reddy,2025-08-22
33,Sneha Joshi,2025-08-25
