rider_id,rider_name,sign_up
1,Ravi Kumar,2024-02-10
2,Anil Singh,2024-03-12
3,Sunil Yadav,2024-04-15
4,Ramesh Verma,2024-05-18
5,Amit Patel,2024-06-20
6,Suresh Reddy,2024-07-22
7,Mahesh Gupta,2024-08-25
8,Pankaj Sharma,2024-09-05
9,Rohit Mehra,2024-10-10
10,Arvind Joshi,2024-11-15
11,Sandeep Rao,2024-12-01
12,Deepak Choudhary,2024-01-25
13,Manoj Tiwari,2024-02-28
14,Siddharth Jain,2024-03-22
15,Vinay Dubey,2024-04-30
16,Ashok Malhotra,2024-05-15
17,Ravi Ranjan,2024-06-05
18,Naveen Nair,2024-07-12
19,Pawan Kumar,2024-08-08
20,Karthik Iyer,2024-09-17
21,Rajesh Shukla,2024-10-21
22,Gopal Das,2024-11-28
23,Lokesh Agrawal,2025-01-05
24,Vikas Anand,2025-01-12
25,Mukesh Chandra,2025-02-01
26,Rahul Bhatia,2025-02-08
27,Sahil Khan,2025-02-15
28,Vijay Singh,2025-07-15
29,Amit Singh,2025-07-20
30,Kiran Desai,2025-07-25
31,Vikram Sharma,2025-07-28
32,Nisha Patel,2025-08-01
33,Raj Kumar,2025-08-05
34,Sanjay Kumar,2024-08-05
